<?xml version="1.0" encoding="UTF-8"?>

<mule xmlns:db="http://www.mulesoft.org/schema/mule/db" xmlns:metadata="http://www.mulesoft.org/schema/mule/metadata" xmlns:dw="http://www.mulesoft.org/schema/mule/ee/dw" xmlns:batch="http://www.mulesoft.org/schema/mule/batch"
	xmlns:sfdc="http://www.mulesoft.org/schema/mule/sfdc" xmlns:tracking="http://www.mulesoft.org/schema/mule/ee/tracking" xmlns="http://www.mulesoft.org/schema/mule/core" xmlns:doc="http://www.mulesoft.org/schema/mule/documentation"
	xmlns:spring="http://www.springframework.org/schema/beans" 
	xmlns:xsi="http://www.w3.org/2001/XMLSchema-instance"
	xsi:schemaLocation="http://www.mulesoft.org/schema/mule/batch http://www.mulesoft.org/schema/mule/batch/current/mule-batch.xsd
http://www.springframework.org/schema/beans http://www.springframework.org/schema/beans/spring-beans-current.xsd
http://www.mulesoft.org/schema/mule/core http://www.mulesoft.org/schema/mule/core/current/mule.xsd
http://www.mulesoft.org/schema/mule/sfdc http://www.mulesoft.org/schema/mule/sfdc/current/mule-sfdc.xsd
http://www.mulesoft.org/schema/mule/ee/tracking http://www.mulesoft.org/schema/mule/ee/tracking/current/mule-tracking-ee.xsd
http://www.mulesoft.org/schema/mule/ee/dw http://www.mulesoft.org/schema/mule/ee/dw/current/dw.xsd
http://www.mulesoft.org/schema/mule/db http://www.mulesoft.org/schema/mule/db/current/mule-db.xsd">
    <sfdc:config name="Salesforce__Basic_Authentication" username="$yourusername" password="$yourpassword" securityToken="$yoursecuritytoken" disableSessionInvalidation="true" doc:name="Salesforce: Basic Authentication"/>
    <db:mysql-config name="MySQL_Configuration" host="localhost" port="3306" user="root" password="root" database="demo" doc:name="MySQL Configuration"/>
    <flow name="Initate" processingStrategy="synchronous">
        <poll doc:name="Repeatedly Take contacts from salesforce">
            <fixed-frequency-scheduler frequency="60" timeUnit="SECONDS"/>
            <watermark variable="timestamp" default-expression="#[groovy: new Date(System.currentTimeMillis() - 10000).format(&quot;yyyy-MM-dd'T'HH:mm:ss.SSS'Z'&quot;, TimeZone.getTimeZone('UTC'))]" selector="MAX" selector-expression="#[payload.LastModifiedDate]"/>
            <sfdc:query config-ref="Salesforce__Basic_Authentication" query="SELECT Email,FirstName,LastModifiedDate,LastName FROM Contact WHERE LastModifiedDate &gt; #[timestamp]" doc:name="Quering Salesforce For Contacts "/>
        </poll>
        <logger message="#[flowVars.timestamp]" level="INFO" doc:name="Logs the time"/>
        <batch:execute doc:name="Calling Batch " name="salesforce-to-database-Batch"/>
    </flow>
    <batch:job name="salesforce-to-database-Batch">
        <batch:process-records>
            <batch:step name="Converting-salesforce-data-database-compatible">
                <dw:transform-message doc:name="Transform Message" metadata:id="d251092c-9e3d-4255-89eb-2b3ae59d4643">
                    <dw:input-payload mimeType="application/java"/>
                    <dw:set-payload><![CDATA[%dw 1.0
%output application/java
---
{
	first_name: payload.FirstName,
	last_name: payload.LastName,
	email: payload.Email,
	last_modified: payload.LastModifiedDate
}]]></dw:set-payload>
                </dw:transform-message>
                <enricher doc:name="Adding Two exists+dbRecord">
                    <db:select config-ref="MySQL_Configuration" doc:name="Database">
                        <db:parameterized-query><![CDATA[SELECT first_name,last_name,email FROM contacts WHERE email=#[payload.email]]]></db:parameterized-query>
                    </db:select>
                    <enrich source="#[payload.size() &gt; 0]" target="#[recordVars['exists']]"/>
                    <enrich source="#[payload]" target="#[recordVars['dbRecord']]"/>
                </enricher>
            </batch:step>
            <batch:step name="upsertContactInDbStep">
                <choice doc:name="Choice">
                    <when expression="#[recordVars['exists']==false]">
                        <db:insert config-ref="MySQL_Configuration" doc:name="Create contact">
                            <db:parameterized-query><![CDATA[INSERT INTO contacts (first_name, last_name, email) VALUES (#[payload.first_name],#[payload.last_name],#[payload.email])]]></db:parameterized-query>
                        </db:insert>
                    </when>
                    <when expression="#[recordVars['exists']==true and recordVars['dbRecord'] != null]">
                        <db:update config-ref="MySQL_Configuration" doc:name="Update Contact">
                            <db:parameterized-query><![CDATA[UPDATE contacts SET first_name=#[payload.first_name],last_name=#[payload.last_name] WHERE email = #[payload.email]]]></db:parameterized-query>
                        </db:update>
                    </when>
                    <otherwise>
                        <logger message="Error with #[payload.email] contact" level="INFO" doc:name="Logger"/>
                    </otherwise>
                </choice>
            </batch:step>     
            
        </batch:process-records>
        <batch:on-complete>
            <logger message="Record Added in the database successfully" level="INFO" doc:name="Logger"/>
        </batch:on-complete>
    </batch:job>
</mule>
